Data_Contratacao;Data_Desligamento;Meses_de_Servico;Idade;Pontuacao_Desempenho;Satisfacao_Trabalho;Nivel_Cargo;Salario;Horas_Extras;Desligamento
2024-02-14;;3;24;2,06678751040178;2,04364421326484;Pleno;4994,41;15,4652;0
2023-11-16;2024-05-14;6;43;3,25625744133573;1,71171873056957;Sênior;8798,34;19,0366;1
2023-11-16;;6;45;4,82773190035111;3,4802143214216;Sênior;8891,02;13,3264;0
2023-05-20;;12;31;1,45394366080309;1,61755839886222;Pleno;7606,22;14,2097;0
2022-07-24;;22;37;2,08891744421417;2,76338999869819;Sênior;9236,03;11,0597;0
2022-05-25;2024-05-14;24;43;4,32823098145978;3,20976139750619;Sênior;10466;13,9336;1
2022-03-26;;26;23;4,06108233519304;1,91148285488266;Pleno;5476,96;12,7063;0
2023-08-18;2024-05-14;9;30;1,08675489550536;1,90862636790055;Pleno;6058,88;13,6267;1
2022-02-24;;27;44;1,54900540209655;2,06778320733782;Sênior;7780,41;2,0780;0
2022-02-24;;27;44;2,04251466757048;4,58822992748966;Sênior;11756,99;15,1488;0
2023-02-19;;15;27;4,48433028975378;3,25850883997015;Pleno;5716,67;9,8191;0
2024-01-15;;4;36;1,71764027949395;1,50324463793606;Sênior;11105,04;3,7756;0
2022-03-26;2024-05-14;26;28;2,73311493150355;1,82004565417009;Pleno;7252,12;6,2310;1
2022-02-24;;27;22;2,30047163686169;4,74737874658693;Junior;4938,58;7,4670;0
2022-09-22;;20;28;3,3336167511253;2,49242353591481;Pleno;6180,56;8,7115;0
2022-01-25;;28;30;4,7458724005639;2,40154806766715;Pleno;7815,69;4,9780;0
2023-01-20;;16;23;4,76312663698645;2,87997479201336;Pleno;7657,77;7,4670;0
2023-06-19;;11;24;1,21003266977763;2,57664349516652;Junior;2795,39;3,7335;0
2023-05-20;;12;27;3,3848444814511;2,35312556758982;Pleno;6922,82;4,9780;0
2022-06-24;;23;31;4,56720386146908;2,46591974445475;Pleno;7770,08;2,4890;0
2022-10-22;2024-05-14;19;27;4,12372453154132;4,46583467795757;Pleno;7359,37;2,4890;1
2023-09-17;;8;24;1,84613559090521;3,77891242000553;Junior;4062,81;2,4890;0
2022-11-21;;18;21;4,05997779026432;1,07107471408058;Junior;2577,05;9,9560;0
2024-02-14;2024-05-14;3;43;4,75625063946134;2,83258286572589;Sênior;11346,51;13,7335;1
2022-08-23;;21;21;4,59503835028596;4,29428777086947;Junior;2225,17;3,7335;0
2022-02-24;;27;32;1,03572506002361;4,68423837722044;Pleno;5113,9;7,4670;0
2021-09-27;;32;29;1,36093191795876;1,96278392872556;Pleno;5160,36;1,2445;0
2022-07-24;;22;45;3,4767311984623;3,75385172051985;Sênior;7568,69;2,4890;0
2022-07-24;;22;43;2,52976039771906;4,90704782114486;Sênior;11493,94;6,2225;0
2022-12-21;2024-05-14;17;31;1,38625151422696;1,50834839926531;Pleno;7955,66;6,2225;1
2021-06-29;;35;37;4,9397332328433;3,98675247065748;Sênior;11349,12;3,7335;0
2024-01-15;;4;19;4,58632502134248;1,97012501769854;Junior;4654,11;1,2445;0
2023-05-20;;12;31;2,08445356698694;3,04008080426277;Pleno;7061,98;9,9560;0
2021-06-29;;35;29;2,89276019083959;2,0098927944246;Pleno;4573,81;4,9780;0
2021-07-29;2024-05-14;34;20;2,91901548078831;3,59612637413622;Junior;4340,52;9,9560;1
2023-04-20;;13;29;3,03356155693419;3,75035717395411;Pleno;6438,14;6,2225;0
2022-03-26;;26;28;4,86903722356875;1,17046373223872;Pleno;6539,03;2,4890;0
2023-03-21;;14;20;1,3998340623714;3,19694903653066;Junior;4243,54;6,2225;0
2021-10-27;2024-05-14;31;38;3,15860182396518;3,5727951048679;Sênior;10602,25;19,9560;1
2024-02-14;;3;29;2,93482584569609;3,28169364236104;Pleno;7691,49;8,7115;0
2024-02-14;;3;21;2,83303604733326;2,09471019571733;Junior;2256,45;4,9780;0
2023-09-17;;8;18;1,94105137586034;1,88329713644173;Junior;3310,34;2,4890;0
2022-09-22;2024-05-14;20;49;4,23548113320421;1,61433004984491;Sênior;11917,59;22,4890;1
2022-11-21;;18;27;1,49537767007107;4,03949296374843;Sênior;11730,92;9,9560;0
2023-10-17;;7;24;4,42702098827859;4,1708734564408;Pleno;6455,71;7,4670;0
2021-07-29;;34;24;2,59866948840579;3,20135092718104;Junior;2802,61;9,9560;0
2024-01-15;;4;30;2,52558861372355;3,12930249019771;Pleno;6884,87;3,7335;0
2024-01-15;2024-05-14;4;18;1,08789454197169;2,44442591181784;Junior;2647,27;3,7335;1
2023-03-21;2024-05-14;14;24;2,49901081962966;1,30340036792313;Junior;4754,55;8,7115;1
2022-08-23;2024-05-14;21;25;3,64642915338404;4,93612120575022;Pleno;4400,26;2,4890;1
2021-11-26;;30;24;3,50143280096074;4,4793922848544;Pleno;4656,39;7,4670;0
2024-02-14;2024-05-14;3;21;4,65596487085286;1,82199650603934;Junior;3728,74;8,7115;1
2022-12-21;;17;19;3,68717720289059;2,69941055657901;Junior;2650,86;2,4890;0
2023-02-19;;15;32;2,29633076599011;3,61005738571648;Pleno;6178,01;7,4670;0
2022-06-24;;23;31;2,26487994523278;3,21058347954068;Sênior;8197,15;6,2225;0
2023-03-21;;14;18;4,33326323047387;2,00480046609889;Junior;4624,05;7,4670;0
2023-10-17;2024-05-14;7;45;4,10321287528794;2,2962092848136;Sênior;8984,03;18,7115;1
2023-08-18;;9;28;2,12461186412105;4,15265844935141;Pleno;7827,05;2,4890;0
2023-10-17;;7;39;3,8557087787971;1,64980292267933;Sênior;7278,08;8,7115;0
2023-11-16;;6;42;3,24630912355346;1,32632441522028;Sênior;10875,72;9,9560;0
2023-02-19;2024-05-14;15;20;2,59864005773617;3,05273886519287;Junior;3660,5;4,9780;1
2022-12-21;2024-05-14;17;18;3,12344052214349;1,88531900646924;Junior;3040,86;6,2225;1
2022-11-21;;18;43;1,34093224117808;1,92926599884613;Sênior;11388,92;9,9560;0
2022-06-24;;23;20;3,66271092399318;3,10366655968769;Junior;2913,1;8,7115;0
2022-03-26;2024-05-14;26;40;3,11853927252121;2,9941341947771;Sênior;7077,67;17,4670;1
2022-11-21;;18;28;4,55714926431472;4,71183345530349;Sênior;10214,84;2,4890;0
2023-01-20;2024-05-14;16;28;3,72847583494088;3,01379711204944;Pleno;6965,99;9,9560;1
2022-05-25;2024-05-14;24;30;4,56525740114421;1,78549657858373;Sênior;8233,47;23,7335;1
2023-09-17;2024-05-14;8;32;1,0048302869474;1,10831292579141;Pleno;5918,62;8,7115;1
2024-02-14;2024-05-14;3;24;4,74887530220281;1,33671232906818;Junior;2013,19;1,2445;1
2021-07-29;;34;34;4,83322943819117;2,67943059486411;Sênior;9159,34;6,2225;0
2023-09-17;;8;31;4,18527765170037;3,06848552170971;Pleno;6205,13;7,4670;0
2021-08-28;;33;26;4,96829537125131;3,58596236017126;Pleno;4522,63;7,4670;0
2024-02-14;;3;22;2,42090079245337;2,88482705873438;Pleno;5086,4;2,4890;0
2021-09-27;;32;29;4,39336060041636;3,63279698532165;Sênior;10502,2;6,2225;0
2023-11-16;2024-05-14;6;24;4,08269798287084;1,00286783833445;Junior;3717,57;4,9780;1
2023-01-20;;16;37;3,88211007038402;1,05912370371497;Sênior;7383,39;6,2225;0
2022-05-25;;24;21;3,53365928598833;4,21093461821353;Junior;2344,08;4,9780;0
2023-05-20;;12;24;2,22950446845686;3,45480851399568;Pleno;6326,62;3,7335;0
2024-02-14;;3;27;3,14911610142323;4,0229519251079;Sênior;11949,02;6,2225;0
2023-04-20;;13;28;2,09830019537796;2,51361347966165;Pleno;6167,29;1,2445;0
2022-03-26;;26;23;1,03475967347664;3,40373474583856;Junior;2720,26;2,4890;0
2023-12-16;;5;28;1,09977889850854;2,87667939300078;Pleno;6137,57;1,2445;0
2021-08-28;;33;31;1,57714438635556;3,90126491699478;Pleno;4654,5;8,7115;0
2023-11-16;;6;21;3,05503893094077;1,3906386127052;Junior;3094,22;1,2445;0
2022-08-23;;21;23;1,89063173104156;1,4699663725103;Junior;4372,76;8,7115;0
2022-06-24;2024-05-14;23;31;2,47795877343775;4,25289418423123;Pleno;7149,12;8,7115;1
2022-09-22;;20;21;1,22042910932548;1,42149003646404;Junior;2211,09;7,4670;0
2021-11-26;;30;49;4,64478864590691;4,8580432619796;Sênior;7625,65;3,7335;0
2022-12-21;2024-05-14;17;40;4,53980757166176;3,8505578502493;Sênior;8537,4;19,9560;1
2024-01-15;;4;23;4,58910829285887;3,09597791860558;Junior;3713,7;7,4670;0
2023-04-20;;13;40;2,32876355050791;4,54447206078865;Sênior;9409,97;9,9560;0
2022-04-25;2024-05-14;25;24;3,85170741179538;4,45332047214718;Pleno;4968,8;2,4890;1
2023-03-21;;14;18;2,70777364159328;4,10170740717619;Junior;4986,93;9,9560;0
2023-12-16;2024-05-14;5;36;2,20676986424447;2,18917145709043;Sênior;11676,56;18,7115;1
2022-10-22;;19;19;1,28164332453846;4,12596206843765;Junior;4282,28;1,2445;0
2021-06-29;2024-05-14;35;40;3,68737807127898;3,27882416785472;Sênior;8551,25;14,9780;1
2024-02-14;;3;22;2,55327841422593;3,90740411802768;Junior;3794,79;8,7115;0
2022-07-24;;22;22;1,64157414522626;2,82859849763013;Pleno;6165,83;8,7115;0
2023-01-20;;16;31;2,400829043856;4,20886311044369;Pleno;5908,63;8,7115;0
2021-08-28;;33;24;1,38247953035142;3,97412488303781;Junior;4355,28;1,2445;0
2022-02-24;2024-05-14;27;41;4,48441013331331;2,46516632307432;Sênior;7157,9;22,4890;1
2023-12-16;;5;31;3,67037322195723;4,70995918166016;Sênior;8597,21;6,2225;0
2023-11-16;;6;18;1,77087190709557;1,05455099094283;Junior;2467,52;8,7115;0
2021-08-28;;33;36;4,67236780402906;2,92168570220056;Sênior;7886,35;4,9780;0
2023-01-20;;16;39;3,31872357024385;4,66860786897825;Sênior;11099,12;2,4890;0
2023-06-19;;11;19;2,82359375062773;1,67973994320156;Junior;4591,86;9,9560;0
2022-07-24;;22;31;3,56940699745384;1,15688920111039;Sênior;10660,7;2,4890;0
2021-07-29;;34;22;2,01610092416143;2,7205824814236;Pleno;6807,12;8,7115;0
2023-06-19;;11;43;3,20431659403159;2,72501329912183;Sênior;11684,27;8,7115;0
2021-12-26;;29;19;1,52761299896152;3,12478049106578;Junior;2269,58;8,7115;0
2023-12-16;;5;18;1,80206405167997;2,88258941590929;Junior;4542,08;4,9780;0
2023-11-16;;6;21;3,05621788732231;3,7919752790196;Junior;4524,01;1,2445;0
2022-12-21;;17;30;1,38997353686034;3,16728959515263;Pleno;7848,32;1,2445;0
2021-06-29;;35;49;4,40741479746641;3,16936180296861;Sênior;7471,33;6,2225;0
2023-10-17;;7;20;2,58217531919018;3,66885299439367;Junior;2734,43;9,9560;0
2023-11-16;;6;18;1,93231129785795;3,08956048393673;Junior;4430,97;9,9560;0
2023-03-21;2024-05-14;14;19;3,34172829898392;1,24852322209278;Junior;2187,37;4,9780;1
2022-04-25;;25;33;3,9873454869944;4,24503559821929;Sênior;8591,66;8,7115;0
2023-01-20;;16;48;3,43595445688307;2,14581417912445;Sênior;9514,91;2,4890;0
2023-03-21;2024-05-14;14;49;3,31604482569893;2,60660174386901;Sênior;7219,51;28,7115;1
2022-10-22;;19;44;1,68039855603485;3,56893481672185;Sênior;8980;8,7115;0
2022-02-24;;27;31;3,745448198375;4,05547489576033;Sênior;8491,28;2,4890;0
2021-09-27;;32;31;4,9072072124368;2,25004395798977;Sênior;8023,63;1,2445;0
2022-05-25;;24;20;3,43437322874039;1,62439310214767;Junior;3846,23;1,2445;0
2022-01-25;;28;31;2,31351579748498;3,60586824313015;Pleno;7661,38;4,9780;0
2022-10-22;;19;24;4,21076855958711;2,34832424859973;Junior;3986,46;8,7115;0
2022-07-24;2024-05-14;22;33;4,34545610992612;2,72094191210088;Pleno;7122,57;8,7115;1
2021-06-29;;35;20;2,66111978682335;4,39734534028968;Junior;2545,72;6,2225;0
2023-08-18;;9;20;2,66243304374103;1,08932624718988;Junior;3859,4;2,4890;0
2022-05-25;2024-05-14;24;33;4,74646843276045;4,17722269863989;Pleno;7271,19;4,9780;1
2021-07-29;;34;22;3,88873609535094;4,69716834760162;Junior;2315,56;2,4890;0
2023-01-20;;16;26;1,13160533821341;3,02500084395258;Pleno;5668,87;9,9560;0
2023-07-19;;10;31;2,70378378037761;1,57671618536682;Pleno;4572,05;1,2445;0
2022-02-24;;27;32;1,37557787441269;2,58493792708628;Pleno;6055,67;4,9780;0
2022-11-21;;18;21;4,91419018263321;1,59589947870881;Junior;3913,23;7,4670;0
2022-08-23;;21;46;3,3008498805397;1,49097926021188;Sênior;7297,63;1,2445;0
2022-11-21;;18;24;3,57471234972784;4,85565196495215;Junior;3444,87;9,9560;0
2023-03-21;;14;24;2,45785073770843;2,21368505490491;Junior;4939,23;4,9780;0
2021-09-27;2024-05-14;32;33;3,67085955548591;2,06672072774427;Pleno;4903,52;10,9870;1
2024-01-15;2024-05-14;4;32;3,28737455250854;4,08436758099795;Pleno;4511,34;0,4340;1
2021-07-29;;34;43;4,09873390033921;3,1132799702906;Sênior;9447,16;15,4052;0
2022-02-24;;27;30;4,60040852403314;4,49196229010405;Pleno;7120,99;7,8514;0
2022-02-24;;27;32;2,61722610523526;4,99941531218009;Sênior;10858,02;4,4672;0
2023-11-16;;6;20;4,58138045567713;1,32113934139121;Junior;3245,7;5,8319;0
2022-08-23;;21;27;1,26032992577194;1,5723136867722;Pleno;5453,41;16,0629;0
2023-11-16;2024-05-14;6;20;3,74190952407387;4,7724122121781;Junior;2736,83;0,7436;1
2023-02-19;2024-05-14;15;27;1,92428020372657;1,84520623391433;Sênior;7270,03;15,4264;1
2022-04-25;;25;31;3,1554740135806;1,17971912426274;Sênior;9203,34;15,2459;0
2023-09-17;;8;27;4,09213990467929;4,44144825090591;Sênior;9946,74;1,6308;0
2022-03-26;;26;23;3,98633715280165;1,29429576691241;Junior;2173,35;16,6207;0
2021-06-29;2024-05-14;35;45;3,88572044056882;2,84736502930712;Sênior;10325,94;13,4408;1
2023-03-21;;14;40;2,93156649032516;4,04111643882205;Sênior;8615,86;2,7286;0
2022-06-24;2024-05-14;23;21;1,7760912625181;2,61768928164312;Junior;2032,39;3,3280;1
2023-04-20;2024-05-14;13;20;1,82226529056345;1,26047392290765;Junior;2765,22;0,0552;1
2021-10-27;;31;42;3,14187302721247;3,84645798636087;Sênior;7419,25;10,6691;0
2023-12-16;;5;31;2,75125700649836;3,27933685173422;Pleno;5167,99;7,3795;0
2021-11-26;;30;35;4,89995924910618;1,60554260333426;Sênior;11244,74;2,8651;0
2022-07-24;;22;31;2,20329570301935;3,50936428930681;Pleno;5569,78;17,3746;0
2022-01-25;2024-05-14;28;18;1,31587963754038;3,62920404363059;Junior;4691,71;10,1240;1
2022-03-26;;26;24;3,90751186318438;4,78167580048463;Junior;3236,83;6,9742;0
2022-06-24;;23;18;4,90169653762529;2,83134071996938;Junior;3249,08;10,6544;0
2021-09-27;;32;19;4,1283575089037;3,04995350423605;Junior;3469,46;16,1842;0
2023-11-16;;6;24;1,98818084822175;4,63415327474953;Junior;4092,01;3,4187;0
2023-05-20;2024-05-14;12;19;1,14624394251892;1,98560928954973;Junior;4736,28;17,3135;1
2023-05-20;;12;21;2,62768772565179;2,05338608330421;Junior;2707,11;11,7089;0
2022-03-26;;26;27;4,51100315356903;4,72044308452859;Pleno;5776,26;12,3106;0
2023-11-16;;6;44;2,72797513742915;2,49379557763598;Sênior;10469,41;11,7708;0
2021-12-26;;29;45;2,13634454001287;4,0865285216872;Sênior;10968,47;4,4264;0
2023-11-16;2024-05-14;6;23;4,74120754353779;2,35937215996985;Junior;2708,56;3,6948;1
2021-07-29;;34;21;4,08906233238828;1,87251205101268;Junior;4190,81;9,5470;0
2023-05-20;;12;18;3,44394603170637;2,23527643394435;Junior;2374,23;7,1269;0
2023-04-20;;13;48;1,01070828413358;3,02786290371115;Sênior;7513,65;4,8167;0
2021-11-26;;30;28;4,72602013475235;1,88712420192512;Pleno;7620,8;11,6254;0
2023-07-19;;10;34;3,69534937293524;3,92001001880397;Pleno;6134,17;17,1237;0
2022-05-25;;24;31;1,89786775360684;1,29968577004966;Pleno;5152,25;11,1380;0
2022-02-24;;27;44;1,09901231646516;3,21326097356218;Sênior;7087,06;18,1305;0
2023-09-17;;8;34;1,02987327097968;3,30662690053758;Pleno;7402,91;14,3359;0
2024-02-14;;3;20;4,70961020613619;2,2626836860534;Junior;4965,76;18,0087;0
2023-03-21;;14;24;3,77261121205707;1,17787137378511;Junior;2053,58;4,0342;0
2023-09-17;;8;42;3,82059016255632;3,04924023960683;Sênior;10148,59;11,7467;0
2022-10-22;2024-05-14;19;28;3,38425996032463;1,25530146382884;Pleno;5030,85;7,0936;1
2023-06-19;2024-05-14;11;34;3,14894261820119;2,39225189467025;Sênior;8925,52;14,8741;1
2024-01-15;;4;27;2,82231424307633;4,79747958594399;Sênior;7856,42;8,9976;0
2022-09-22;;20;27;3,40077283673116;2,05983251147458;Pleno;6539,7;8,2436;0
2021-11-26;2024-05-14;30;26;3,61632772594593;1,40549615935054;Pleno;6068,04;2,8596;1
2022-01-25;2024-05-14;28;23;2,49215910903885;2,14690339515906;Junior;3336,53;7,0911;1
2023-11-16;;6;33;3,67293589179711;1,78658514923248;Pleno;4870,43;13,3561;0
2021-08-28;;33;26;2,82753858830243;1,03561599429616;Pleno;4397,81;10,1755;0
2021-09-27;;32;24;1,34026723725796;4,56520559839765;Junior;3337,67;10,3826;0
2022-08-23;2024-05-14;21;24;1,93269500471435;4,15606131461403;Junior;3235,71;12,9633;1
2022-09-22;;20;22;1,32548687495096;2,21151273482725;Junior;4456,67;5,5168;0
2021-09-27;;32;18;2,28806934306125;3,57930783390504;Junior;3713,81;4,4149;0
2022-06-24;;23;28;3,44530968079048;4,88164118517789;Pleno;6306,88;19,3552;0
2023-12-16;;5;43;2,47050469354489;4,14222012971424;Sênior;9728,53;2,7566;0
2023-09-17;;8;29;3,90490873238168;3,99589210280696;Sênior;9050,99;1,6200;0
2023-02-19;;15;43;3,71223764084805;3,43049642492094;Sênior;11210,45;14,0730;0
2023-12-16;;5;18;1,57876455785471;2,47976278194199;Junior;3337,04;12,9425;0
2021-11-26;;30;30;1,67217008547192;3,33855916389445;Pleno;4518,19;7,4195;0
2022-05-25;;24;31;1,25774178098302;1,62912568146252;Sênior;9521,62;1,5357;0
2023-03-21;;14;22;2,05733103180686;1,15105638866046;Pleno;5040,41;5,5906;0
2022-04-25;;25;23;2,39342701233607;2,57101015669658;Pleno;6589,75;1,2445;0
2021-08-28;2024-05-14;33;18;1,35299295828933;1,61651940687797;Junior;4554,4;19,7824;1
2022-09-22;;20;18;3,40891670758538;1,61096936882852;Junior;3926,94;13,9081;0
2023-08-18;;9;27;3,85750296124498;2,91932075360096;Pleno;5200,25;8,6379;0
2023-07-19;;10;24;1,62888840315182;1,70774194092978;Pleno;5510,15;18,3946;0
2022-08-23;;21;30;2,36855005042887;1,79951632195441;Pleno;6175,6;11,3089;0
2021-10-27;;31;22;3,90899962531513;3,30055577431288;Pleno;4098,86;14,2255;0
2022-07-24;2024-05-14;22;27;3,65327169680262;2,8282513033761;Pleno;6516,18;10,1354;1
2021-09-27;;32;32;4,41784011237211;3,87247615923119;Pleno;6303,17;16,5296;0
2022-05-25;;24;18;3,2184135559779;2,85220020017531;Junior;2935,1;19,6489;0
2023-05-20;;12;30;1,10302583811833;2,22922626031042;Pleno;4017,98;8,2426;0
2022-01-25;;28;33;1,2292824958224;3,54347114358825;Pleno;4382,6;2,9459;0
2021-06-29;;35;32;1,32024437336174;2,93051111108269;Sênior;9251,98;8,0369;0
2021-11-26;;30;33;3,06854910531308;4,91033206505817;Sênior;9288,23;15,9542;0
2023-05-20;;12;37;4,02042471513309;1,99106932740864;Sênior;11803,86;0,0037;0
2021-10-27;;31;21;1,12909315282432;3,70023147399031;Junior;3363,69;19,0919;0
2022-09-22;;20;32;2,82675037303422;4,94948180490321;Pleno;5801,05;13,2503;0
2024-02-14;;3;23;4,29919082245859;4,70397348283092;Junior;4606,46;6,2130;0
2022-04-25;;25;31;3,67442339114365;2,01026820839546;Pleno;6861,34;9,7964;0
2022-10-22;;19;22;3,18367038587162;3,87787648985609;Junior;2049,17;5,2815;0
2021-08-28;2024-05-14;33;22;3,35524683839928;2,54615381450732;Junior;3910,85;8,7186;1
2022-02-24;;27;23;4,58591999808816;4,03796038608621;Junior;4069,99;12,7644;0
2023-11-16;;6;20;3,30031124978442;1,5028291676119;Junior;2749,87;13,4815;0
2023-06-19;;11;31;2,68727688114378;4,89238318927181;Sênior;7448,08;6,4555;0
2021-11-26;;30;18;3,8118068431508;1,59799412571612;Junior;3163,08;0,4593;0
2021-09-27;;32;24;2,42882969644844;3,7981436683772;Junior;3073,16;7,5439;0
2022-03-26;2024-05-14;26;30;4,89164697340961;2,38205682745547;Pleno;6945,07;7,5076;1
2021-06-29;2024-05-14;35;23;4,48921003953078;1,74774879878235;Pleno;5533,95;8,2405;1
2022-07-24;2024-05-14;22;34;1,62661396545642;2,56341747921542;Sênior;8682,59;19,3145;1
2023-06-19;;11;21;3,73650291322194;4,88543918519076;Junior;3098,77;19,4019;0
2023-07-19;;10;26;1,13628306121992;1,45906945071264;Pleno;7845,19;2,9743;0
2022-03-26;2024-05-14;26;19;4,54082909753936;1,1323748170757;Junior;3359;18,2687;1
2023-01-20;;16;22;4,37941433440203;4,18446843478066;Junior;2236,44;19,5692;0
2022-09-22;2024-05-14;20;18;3,04051199973571;4,27998283447225;Junior;2727,24;5,1330;1
2024-02-14;2024-05-14;3;31;1,51075456616268;2,94317950572557;Pleno;7184,88;14,8205;1
2023-03-21;;14;27;3,48589214495173;4,84372815625401;Pleno;4132,67;3,5091;0
2021-10-27;;31;19;1,95734801659898;3,51086769097992;Junior;3905,43;9,4393;0
2022-01-25;;28;21;3,52348426827302;3,36399121298711;Junior;2456,62;12,1441;0
2021-06-29;2024-05-14;35;18;3,77498284994456;4,33177365664474;Junior;4203,79;3,5918;1
2022-12-21;2024-05-14;17;23;1,4250196397368;1,00446473872456;Pleno;6634,69;10,9437;1
2022-04-25;;25;24;2,90778356680862;1,78679938355345;Junior;2271,9;14,7766;0
2021-10-27;;31;27;3,3423735245407;2,14856629699642;Sênior;7059,4;13,3484;0
2022-06-24;;23;18;2,01450283100953;2,78694700568525;Junior;2549,16;12,6149;0
2022-08-23;;21;29;1,80404114346376;1,49518276206434;Sênior;8796,45;2,4086;0
2023-10-17;2024-05-14;7;32;3,55142299806751;4,43889820513935;Pleno;4918,1;19,1278;1
2022-04-25;;25;21;4,04297426041845;3,86248882560898;Junior;4853,31;2,8183;0
2022-07-24;;22;22;2,43644261913055;4,08398675563926;Pleno;6306,44;12,2448;0
2023-07-19;;10;29;3,83559022941198;1,36448173391633;Sênior;9649,65;2,5906;0
2023-06-19;;11;29;3,34950123209565;3,00584893648634;Pleno;4452,64;10,7941;0
2023-01-20;;16;27;4,23837352742382;1,47890179665518;Pleno;4493,67;17,3487;0
2023-09-17;;8;26;1,81628824612132;2,09616228664661;Pleno;4662,65;12,6057;0
2024-02-14;;3;18;4,18558706143729;4,68219033331721;Junior;3058,05;18,1717;0
2023-06-19;2024-05-14;11;29;2,06563160888394;4,09051086182247;Pleno;5560,15;13,1709;1
2022-11-21;2024-05-14;18;28;2,1930576835564;2,08822728480037;Sênior;11015,21;19,1080;1
2022-11-21;2024-05-14;18;21;4,91268869435025;4,01234504351494;Junior;2682,25;9,3372;1
2023-03-21;;14;29;1,18405430697045;2,61857328132077;Sênior;10505,9;4,2328;0
2023-10-17;;7;29;1,75901446610431;1,34782138414901;Sênior;9906,55;19,0772;0
2021-10-27;;31;23;3,08349918060629;4,72350814567361;Junior;4748,61;6,2185;0
2021-12-26;2024-05-14;29;29;2,50397708353935;3,77757555466373;Pleno;5316,38;7,9989;1
2023-04-20;;13;23;1,96839883314342;4,11296690973539;Pleno;6243,47;0,5958;0
2021-11-26;2024-05-14;30;27;3,73821095658929;4,16645815126775;Pleno;6493,47;7,7601;1
2022-08-23;;21;25;3,67694785508134;4,29336299711918;Pleno;6252,75;2,3341;0
2021-08-28;2024-05-14;33;31;4,85496398019474;2,52936720569414;Pleno;4757,08;3,8285;1
2022-08-23;;21;48;4,51440149967392;4,73912479877071;Sênior;11807,67;15,7908;0
2022-03-26;;26;33;4,98974451023178;2,87835256191881;Sênior;10024,04;9,4438;0
2024-01-15;;4;23;2,45155198697214;1,86383824045762;Junior;2824,85;16,7548;0
2023-08-18;;9;25;1,1809379603389;3,05849953597146;Pleno;5648,05;6,4570;0
2021-08-28;;33;28;2,30118723059801;3,57598776037803;Pleno;4482,75;7,6639;0
2022-10-22;;19;29;2,98765899443167;2,27767867428037;Pleno;7613,86;16,6427;0
2021-12-26;;29;48;1,68878282967714;1,4272253656698;Sênior;7432,7;1,3526;0
2023-05-20;;12;22;1,34030430013477;2,82745999986666;Junior;2347,39;16,4084;0
2023-01-20;2024-05-14;16;28;2,81091543635096;2,95119708366869;Pleno;7810,85;4,1078;1
2023-08-18;2024-05-14;9;22;4,73066212617561;4,08562289435498;Junior;3926,11;13,0986;1
2023-06-19;;11;37;4,05266003016913;1,28969142880038;Sênior;10136,79;10,6574;0
2023-01-20;;16;34;2,24594427396929;3,68172043111423;Pleno;5785,17;15,7857;0
2023-07-19;2024-05-14;10;36;4,55446198018904;1,59195902362104;Sênior;11701,55;15,3300;1
2022-10-22;2024-05-14;19;27;3,78909717047786;3,72445935006007;Pleno;7285,25;11,5081;1
2022-04-25;;25;23;2,8533760670261;2,36793279192769;Junior;4568,91;11,6138;0
2022-11-21;;18;25;2,05847811875889;4,38034401579072;Pleno;4425,6;14,6872;0
2022-01-25;;28;32;3,30213555324158;2,82548502467569;Pleno;5277,78;12,2113;0
2023-06-19;;11;46;1,77960401530702;1,93483393909457;Sênior;10030,27;11,1798;0
2023-08-18;;9;24;3,96492666364074;4,05009883820289;Junior;2692,1;9,9539;0
2022-09-22;2024-05-14;20;22;4,74771151943427;4,91461793632123;Junior;3760,86;19,1502;1
2023-07-19;;10;22;3,63707146571195;3,53457301615888;Pleno;5983,13;4,4248;0
2022-06-24;;23;28;3,89997637617285;1,53771224501033;Sênior;8729,11;8,7419;0
2022-01-25;;28;25;1,65795364677509;1,81749500753178;Pleno;4948,63;8,3757;0
2023-12-16;2024-05-14;5;41;3,99289587309591;2,5186458733275;Sênior;11539,9;31,7311;1
2022-10-22;;19;31;2,98942735733049;2,98631137736006;Pleno;5786,48;13,6757;0
2022-03-26;;26;34;1,349530759348;1,08056502087356;Pleno;7894,4;4,4554;0
2022-02-24;;27;30;2,54578962515207;2,92681668838466;Sênior;8785,81;11,2372;0
2023-10-17;;7;25;3,91779245634395;2,89953951061072;Pleno;4465,54;18,4078;0
2022-03-26;;26;18;3,31284139656775;2,74353203381887;Junior;2861,45;4,6869;0
2021-08-28;;33;20;2,22553060478992;2,23463118758522;Junior;3089;2,2161;0
2022-01-25;;28;46;4,95499601237071;4,82776636952114;Sênior;9920,64;5,5846;0
2022-06-24;2024-05-14;23;35;3,29612735851327;3,66402093872851;Sênior;11789,14;11,0548;1
2022-03-26;;26;31;4,77979676894304;4,15051360699316;Pleno;5284,12;9,0496;0
2021-11-26;;30;34;3,23909692517895;3,06238099105333;Pleno;5768,18;8,8077;0
2021-09-27;;32;22;3,25866614237325;2,46458722107505;Junior;4599,78;13,0840;0
2022-04-25;;25;41;1,20468175116665;2,48485190656643;Sênior;11655,13;18,3297;0
2023-07-19;;10;43;1,41631506546274;2,09353354631935;Sênior;8448;3,7173;0
2023-05-20;;12;23;3,4577522524256;3,18785300972685;Junior;3294,53;6,9715;0
2024-02-14;;3;33;3,92653485314767;4,41654805117314;Sênior;7569,5;7,7033;0
2022-07-24;;22;33;1,97612971182338;1,15680920303598;Pleno;5565,75;3,0674;0
2022-09-22;;20;35;4,8559029034707;4,00519191111069;Sênior;11616,94;17,8101;0
2022-06-24;;23;33;3,96495229652137;4,13505556493369;Sênior;8358,38;18,6489;0
2023-11-16;;6;25;1,95204510996192;2,57889603879808;Pleno;5909,23;19,9842;0
2024-01-15;;4;34;3,5776811254896;3,97517719437383;Pleno;7804,12;4,7442;0
2022-06-24;;23;23;2,35902551809168;2,55714829922674;Junior;2588,85;1,4350;0
2023-10-17;;7;24;3,90992296039262;2,26154881653222;Junior;3445,2;2,9675;0
2022-10-22;;19;18;3,33837030755249;1,94192990359143;Junior;3815,51;16,4173;0
2023-04-20;;13;38;4,02661486923762;4,21516673525325;Sênior;11633,48;18,5936;0
2021-08-28;;33;24;2,0058551519569;1,11632339919083;Pleno;5992,08;7,1180;0
2021-11-26;;30;42;4,72918123456642;1,95639085871777;Sênior;9931,89;19,2499;0
2021-07-29;;34;30;4,97200525791249;2,20544230933567;Pleno;7727,6;15,9390;0
2022-06-24;;23;30;1,65813087862373;3,43052304183173;Pleno;4579,91;7,0699;0
2023-08-18;;9;29;3,05162129224491;2,70327018917642;Sênior;11682,34;17,0191;0
2023-05-20;;12;32;4,45390487394817;3,65224614206002;Sênior;7970,3;12,8201;0
2021-11-26;;30;37;2,39079195466196;1,57224569836421;Sênior;11776,37;8,9297;0
2022-07-24;;22;28;1,97054930644363;2,37381521454012;Pleno;4438,01;9,0385;0
2023-02-19;;15;27;3,92426083669761;3,11724084910035;Pleno;4125,47;19,2424;0
2022-08-23;2024-05-14;21;32;4,91007129284263;3,49026208366769;Sênior;9958,86;25,8605;1
2023-04-20;;13;30;3,01499127503116;2,07840277113478;Pleno;7328,99;13,3939;0
2023-11-16;;6;24;2,56972227501802;2,04468049745911;Pleno;6023,51;16,0842;0
2023-02-19;;15;38;2,56773146175657;1,18553593502664;Sênior;8035,49;7,7077;0
2024-01-15;;4;22;4,17802583620546;4,29084197123598;Pleno;6895,99;9,2858;0
2024-02-14;;3;20;3,82424402885624;1,11178520080957;Junior;3651,15;12,8454;0
2022-02-24;2024-05-14;27;39;2,27566930573638;2,44253898893674;Sênior;11650,04;21,7556;1
2023-09-17;;8;20;4,89835462458008;1,71962548212013;Junior;4586,69;14,6645;0
2023-08-18;;9;21;4,5663219478977;3,00707062909193;Junior;4924,95;17,1129;0
2023-11-16;;6;18;3,8037122541605;4,92259573908602;Junior;3858,55;10,8349;0
2021-10-27;;31;23;2,76310877041535;2,68394134041346;Junior;4085,68;19,1884;0
2023-10-17;2024-05-14;7;20;1,82918392062369;3,3425125377428;Junior;2307,93;5,6227;1
2021-12-26;;29;19;3,6598588085823;3,36468372066305;Junior;2202,02;1,3351;0
2021-06-29;2024-05-14;35;27;4,01556026499289;1,22799538525683;Sênior;11932,74;17,6871;1
2023-05-20;;12;43;3,41631018785977;3,88455068550447;Sênior;10901,67;19,2819;0
2023-09-17;2024-05-14;8;26;2,98246712148499;4,10568421138819;Pleno;7123,16;15,2787;1
2023-07-19;2024-05-14;10;31;1,47216625877899;3,93505064896742;Sênior;8142,33;13,9378;1
2021-08-28;;33;21;4,13892227743554;1,5869713539799;Junior;2315,51;19,5941;0
2023-06-19;2024-05-14;11;32;2,96636570867806;2,81552089432247;Sênior;9635,86;14,0483;1
2022-06-24;;23;24;4,41645954019825;2,58863862126207;Junior;4573,39;15,9847;0
2023-07-19;;10;21;1,53927458275857;2,54303869252107;Junior;2732,64;1,0774;0
2023-11-16;2024-05-14;6;45;4,86035753734661;1,27317106512386;Sênior;11647,37;24,4531;1
2022-05-25;2024-05-14;24;20;2,9648041644641;4,16121885340004;Junior;3327,7;9,6725;1
2021-11-26;;30;22;1,28940147367664;1,01971650664873;Junior;3799,17;15,8985;0
2023-11-16;2024-05-14;6;18;2,12045499322335;1,65305462814046;Junior;2804,4;14,3212;1
2022-06-24;;23;23;4,61032082840245;3,78730932454272;Junior;3394,58;3,5284;0
2023-07-19;2024-05-14;10;23;2,33607179452477;1,90972552736425;Junior;3801,19;18,3744;1
2022-07-24;2024-05-14;22;36;4,88031241116407;3,38806937654411;Sênior;7027,6;11,5541;1
2021-07-29;2024-05-14;34;23;2,77648563701845;3,40650265304629;Junior;3729,48;7,7145;1
2024-02-14;;3;40;2,46818497776415;4,01304262078232;Sênior;10790,34;4,5541;0
2023-09-17;;8;28;4,15907845488964;1,90323540240859;Sênior;11957,29;15,6708;0
2021-11-26;;30;38;2,86847762867535;4,00552400914098;Sênior;10404,69;19,4140;0
2021-08-28;;33;29;1,30226624877;4,34421255179812;Sênior;10787,8;14,7104;0
2023-05-20;;12;40;4,31536362481634;3,16806941763653;Sênior;10957,33;12,1973;0
2022-07-24;;22;18;4,16184915873603;1,10960295134899;Junior;3800,62;19,0067;0
2023-07-19;;10;28;3,05997165804264;2,31989155136144;Sênior;8268,64;14,2314;0
2022-05-25;;24;30;1,03873326794099;3,36456969009913;Sênior;8673,83;9,1295;0
2021-10-27;;31;24;1,54542802941625;4,75237360724101;Pleno;6589,23;6,4331;0
2023-06-19;;11;41;3,84796230671328;1,87001657487057;Sênior;7384,73;3,7741;0
2024-02-14;;3;35;3,36343019969161;1,17486272077956;Sênior;9360,48;17,4736;0
2022-01-25;;28;29;3,80017800606374;3,38394282645278;Pleno;4865,44;14,4578;0
2023-04-20;;13;28;2,44373789053655;3,16403605456242;Sênior;8690,08;19,5616;0
2022-03-26;;26;20;3,51750683289712;2,62597388332397;Junior;3798,07;1,5041;0
2021-06-29;2024-05-14;35;42;2,73930654566989;3,81425290325314;Sênior;8019,66;16,2945;1
2022-07-24;;22;31;2,65520408067779;1,33715262418437;Pleno;4698,09;8,1293;0
2021-12-26;;29;40;2,66013047135386;4,80440900282004;Sênior;7737,08;19,2508;0
2022-12-21;;17;24;1,12822247513621;1,13995735094325;Junior;3814,98;11,8157;0
2021-06-29;;35;27;1,2439800271263;3,15577761888459;Sênior;11399,21;13,6017;0
2023-08-18;;9;22;4,39727665504405;4,78254426872155;Junior;3982,91;5,4172;0
2023-10-17;2024-05-14;7;18;3,78210215976397;2,84701567291707;Junior;4269,59;5,1498;1
2021-09-27;;32;26;1,92164680652846;1,44099026800759;Pleno;7175,82;6,8554;0
2021-11-26;;30;28;1,4725068066991;4,87475227710465;Pleno;5464,46;1,6799;0
2022-09-22;;20;24;1,16284104998148;2,80635717743614;Junior;2245,22;18,7903;0
2023-12-16;2024-05-14;5;33;2,91882861341973;3,26244389429497;Sênior;7045,68;28,1032;1
2022-06-24;2024-05-14;23;23;3,35186850062433;3,72631240089525;Pleno;6897,93;4,0100;1
2022-11-21;;18;32;4,59182374456168;2,62315536248596;Pleno;6548,07;6,8763;0
2023-10-17;2024-05-14;7;20;4,68108701735925;4,92963302591732;Junior;2111,7;3,9158;1
2023-01-20;;16;32;2,46497727858502;3,62856442324874;Pleno;5534,61;5,1168;0
2021-08-28;2024-05-14;33;46;4,72335781779201;2,02988337064729;Sênior;7047,17;15,1519;1
2022-03-26;;26;22;3,1831173611872;1,08667572354346;Pleno;7538,95;4,7604;0
2023-05-20;2024-05-14;12;41;3,29636758206849;1,43668915242914;Sênior;9899,26;13,9769;1
2021-12-26;;29;19;1,71454255342726;4,78075986980485;Junior;2815,54;11,8673;0
2021-12-26;;29;19;1,46344581337753;1,96805284143365;Junior;4577,27;2,9017;0
2022-04-25;;25;27;1,97750428987782;2,00119145998777;Pleno;4519,1;15,2742;0
2023-02-19;2024-05-14;15;27;1,49715557556378;4,40078070372886;Pleno;5002,9;17,0574;1
2022-11-21;;18;21;1,89316667861699;4,78127964025933;Junior;2211,6;19,1197;0
2021-12-26;;29;28;3,15925351105549;2,48517908025451;Pleno;5234,92;19,1800;0
2022-10-22;2024-05-14;19;29;4,47301993630959;3,70302082884861;Pleno;5586,99;14,1274;1
2024-02-14;;3;39;4,17995114495467;4,6625880428794;Sênior;10422,55;5,8269;0
2023-04-20;;13;31;1,1294249302432;1,38049374685269;Pleno;5005,99;0,7582;0
2023-03-21;;14;23;3,79422963892268;2,93976805856627;Junior;4726,49;7,8046;0
2023-01-20;;16;23;1,18716715244826;4,12315408588856;Junior;3770,27;14,6625;0
2023-07-19;2024-05-14;10;23;4,99210194479459;3,59398757503469;Junior;3819,97;18,8128;1
2021-08-28;;33;36;4,13645740117547;1,50604835429344;Sênior;8246,57;2,2708;0
2023-08-18;;9;26;1,92552711824298;4,44010627766079;Pleno;5250,14;10,8448;0
2021-08-28;2024-05-14;33;32;2,96044105994207;1,47229241881366;Sênior;9580,79;29,4955;1
2022-11-21;;18;18;3,97640492381155;4,80264040145509;Junior;2714,9;0,9146;0
2022-08-23;;21;21;4,35922609685726;3,40721029881995;Junior;2636,82;13,0135;0
2023-07-19;;10;24;1,91542956079663;4,25834048918691;Junior;2305,15;17,4516;0
2021-10-27;2024-05-14;31;22;1,53579556281198;4,94953334111054;Junior;3955,07;9,2371;1
2024-01-15;;4;32;4,72430637026862;4,14980643445483;Sênior;8322,03;10,4653;0
2023-12-16;;5;18;3,68304662377894;2,96552028102715;Junior;2260,82;3,5558;0
2021-10-27;;31;35;4,50513956503119;3,35389003817708;Sênior;8346,89;2,4224;0
2022-12-21;;17;26;1,92953261720584;3,29298699034011;Pleno;4967,59;12,2770;0
2021-11-26;;30;27;1,51478645591008;1,19782663676911;Pleno;6654,48;14,3282;0
2021-07-29;;34;24;2,4013007423716;2,54116623618088;Pleno;4306,63;5,7501;0
2021-09-27;;32;41;2,01079973781386;2,68910461153032;Sênior;7367,23;9,9890;0
2021-09-27;;32;23;1,29101633858236;1,51852637090352;Pleno;5064,97;19,1612;0
2023-02-19;;15;32;3,57791641250029;1,16522538759637;Pleno;6619,64;0,6665;0
2021-06-29;;35;23;2,00484784601298;1,01899001729956;Junior;3982,97;4,7163;0
2022-10-22;;19;19;2,8008978769181;2,42722032484694;Junior;4840,13;2,0611;0
2023-12-16;;5;34;2,15320221347756;1,97012806501187;Sênior;11181,54;16,4398;0
2023-06-19;2024-05-14;11;39;4,68476883367608;1,22154193529413;Sênior;10387,47;19,8449;1
2023-04-20;;13;31;2,80083665631098;4,69573872588473;Pleno;4315,57;3,1946;0
2021-12-26;;29;24;4,51942674892571;1,15618903985122;Junior;4057,55;15,0380;0
2021-11-26;;30;23;1,17606544917277;2,74106463739057;Junior;3388,16;5,7476;0
2024-01-15;;4;34;3,14320767869743;3,67058289480384;Pleno;7267,31;6,5749;0
2024-02-14;;3;29;2,81092198570688;1,33682998715793;Pleno;6318,34;18,5970;0
2023-09-17;;8;22;2,30447076939176;3,44787904967258;Pleno;4796,25;14,2505;0
2022-02-24;;27;49;2,20075783205845;2,47639576086943;Sênior;10554,3;16,2415;0
2022-11-21;;18;30;2,06715263218033;4,0610814302033;Sênior;9341,96;9,0952;0
2023-11-16;2024-05-14;6;20;1,79811813390626;1,99046033947378;Junior;4638,46;6,5453;1
2022-07-24;;22;20;2,97052973071474;1,4939809014155;Junior;3742,85;2,7661;0
2022-02-24;;27;22;2,38055108414068;1,42817036569815;Junior;4269,78;12,5076;0
2023-08-18;;9;28;2,3224021187188;2,97905885364038;Sênior;7230,71;13,5967;0
2022-06-24;2024-05-14;23;19;1,26482868986227;3,24826126994715;Junior;3939,85;18,6079;1
2023-08-18;2024-05-14;9;21;1,05546018521514;1,87513323932503;Junior;3014,81;2,5031;1
2021-10-27;2024-05-14;31;18;4,64662702333191;3,20319714694291;Junior;4010,32;14,7412;1
2023-08-18;;9;36;2,6550337152515;3,87141066887812;Sênior;8169,35;10,9308;0
2023-12-16;;5;43;3,70817815732115;1,99921182722436;Sênior;11759,74;9,1466;0
2021-10-27;;31;25;2,80959586002745;1,04065977082947;Pleno;5065,5;15,0584;0
2021-10-27;;31;19;1,80255068274227;4,32426632690291;Junior;3804,32;12,1455;0
2023-09-17;2024-05-14;8;49;4,71790074679933;2,37471268270179;Sênior;8491,06;12,0551;1
2023-05-20;;12;22;1,49064793333838;2,51072246753794;Junior;2356;8,3831;0
2023-01-20;;16;28;2,92550091618452;4,75297507481071;Sênior;11325,42;19,9134;0
2022-05-25;;24;33;1,36691238596881;4,30718640369716;Pleno;6635,05;15,3511;0
2021-07-29;;34;47;1,91710437591782;2,26949499112082;Sênior;11187,44;15,2516;0
2022-09-22;;20;48;3,74165973083109;3,39277008186906;Sênior;10007,76;18,4441;0
2023-06-19;;11;22;3,10565015707478;2,61648621693485;Junior;4403,38;14,5877;0
2022-01-25;;28;22;3,20021803710526;1,46746859415891;Junior;4423,26;16,9597;0
2022-05-25;2024-05-14;24;22;4,3289554441956;2,6499259532733;Junior;2559,21;8,0217;1
2022-04-25;;25;29;1,24311262521373;4,37463337943746;Sênior;9563,31;8,0029;0
2022-10-22;2024-05-14;19;20;4,61930683152427;3,09243541612095;Junior;3307,9;19,1406;1
2022-01-25;;28;20;3,60491025027641;3,43360654134904;Junior;2604,14;15,1499;0
2024-01-15;;4;28;3,563629303933;2,4394960939147;Pleno;7702,94;9,4263;0
2023-09-17;;8;24;1,12083280088497;1,70321207666544;Junior;2109,4;9,7919;0
2023-08-18;;9;21;4,64029046719276;3,28015616318645;Junior;3749,78;0,3318;0
2023-02-19;;15;45;1,11192796463744;3,20711109386567;Sênior;7845,17;4,5947;0
2021-12-26;;29;24;1,74179187971048;4,82451856783864;Pleno;5229,84;9,4260;0
2023-04-20;2024-05-14;13;21;4,58364476834262;1,03743430205877;Junior;4937,19;5,8760;1
2022-12-21;;17;18;1,50691068497013;4,59261927592757;Junior;4211,01;19,6363;0
2023-06-19;2024-05-14;11;43;2,59195262982397;2,70338828224926;Sênior;7319,54;22,3104;1
2023-07-19;;10;24;4,04019680545016;1,96249536176746;Junior;2632,67;10,1112;0
2023-09-17;;8;24;3,25178976772615;1,18270832814862;Junior;4597,73;0,1983;0
2023-11-16;2024-05-14;6;22;3,92191220881575;4,3954391324983;Junior;3141,47;5,4504;1
2023-04-20;;13;25;1,77138440006729;1,67590421765098;Pleno;7630,29;4,4886;0
2021-11-26;;30;34;2,64820977373424;2,58753670220666;Pleno;7615,69;12,1018;0
2022-01-25;;28;22;2,99355239096157;2,81279290993792;Pleno;7482,78;17,7444;0
2023-11-16;2024-05-14;6;21;1,9744940986436;2,2999957211181;Junior;3840,61;11,3289;1
2022-12-21;;17;43;4,99167009774217;2,70611013139287;Sênior;10010,46;12,8821;0
2022-08-23;;21;35;3,68446229748896;2,24498719257481;Sênior;11911,39;5,5985;0
2023-09-17;;8;19;4,53511774667818;3,10089324395593;Junior;2370,55;6,1773;0
2023-10-17;;7;29;2,57186709942984;1,16006829815323;Sênior;11456,88;9,9801;0
2022-09-22;;20;41;4,69935926536573;3,363876337362;Sênior;8670,69;11,3712;0
2023-09-17;;8;47;2,00650702490142;1,61154803873445;Sênior;9787,59;10,9266;0
2021-08-28;2024-05-14;33;32;1,63153548104241;4,9056104004749;Pleno;7058,67;5,2009;1
2022-02-24;2024-05-14;27;31;4,1474401092612;3,58243470891077;Sênior;10280,76;22,9195;1
2023-11-16;2024-05-14;6;31;4,89206653102938;1,03167808765091;Pleno;6294,64;7,3674;1
2023-09-17;;8;23;1,24814328208631;1,15627684479733;Junior;4065,96;15,6824;0
2022-02-24;;27;20;1,40001070798194;2,07892477186812;Junior;3447,79;11,9227;0
2022-08-23;;21;38;2,27159147736384;4,05574556607378;Sênior;8807;3,6375;0
2022-12-21;;17;30;3,10380375436129;1,36905739031139;Pleno;5481,33;4,6644;0
2023-07-19;;10;27;3,81708517572447;3,64826965359032;Pleno;6722,28;18,0838;0
2022-09-22;;20;18;4,82220219418579;3,20630238031519;Junior;4964,81;7,9238;0
2021-09-27;;32;24;1,47127895213482;2,74612955065004;Pleno;7746,95;17,0740;0
2023-02-19;2024-05-14;15;22;2,42525992679446;1,70934860754558;Junior;2773,98;19,5494;1
2021-06-29;;35;49;2,06513595370327;1,13087762547353;Sênior;11357,26;7,1573;0
2022-03-26;;26;28;4,22967410880046;3,04947932670733;Pleno;4245,98;0,2584;0
2022-01-25;;28;21;1,65423517907103;3,05843723872527;Junior;2284,59;14,5558;0
2024-02-14;;3;22;4,50735828236069;1,05960003001766;Pleno;5129,75;9,7088;0
2023-02-19;;15;20;4,09484162281145;3,57030258514553;Junior;2004,5;17,7484;0
2023-05-20;2024-05-14;12;44;4,53527455088466;2,44548499239457;Sênior;7201,62;33,3846;1
2022-08-23;;21;27;4,87667101818544;2,92522942896284;Pleno;4695,64;4,8650;0
2023-10-17;;7;25;3,29377575136464;2,83634591721036;Pleno;6851,73;9,4328;0
2023-07-19;;10;25;2,83364973778295;3,79036160673107;Pleno;5978,43;2,7155;0
2023-11-16;;6;26;2,94012213357675;3,02498082141127;Pleno;6631,19;7,2067;0
2023-02-19;;15;22;4,58205173681938;2,4802081551293;Junior;4386,63;0,3113;0
2022-08-23;;21;37;1,83473331802362;1,78598738210039;Sênior;11287,82;16,0356;0
2023-07-19;;10;44;2,50140172730935;1,11952455836415;Sênior;9173,23;2,0141;0
2021-12-26;;29;20;3,56453172687811;1,90472418320809;Junior;4154;11,9172;0
2021-09-27;;32;31;3,86413059421778;3,4872397772638;Sênior;11402,04;5,2446;0
2023-11-16;2024-05-14;6;30;1,22548864847608;2,03256281318168;Pleno;6710,94;0,6003;1
2023-04-20;;13;42;4,91261494264484;3,71477856760668;Sênior;9201,83;2,1939;0
2022-06-24;;23;23;2,3258076878259;4,75036247273294;Pleno;6231,75;13,9843;0
2024-01-15;;4;25;1,82425414968623;2,02626989712719;Pleno;6424,25;17,8212;0
2022-06-24;;23;22;2,22869180299584;4,09533109134085;Pleno;6838,19;1,0936;0
2022-10-22;;19;29;4,93908988987829;3,62463374521558;Pleno;4707,78;5,6287;0
2021-10-27;;31;18;3,67430862672314;2,59834138957811;Junior;3106,88;7,9686;0
2021-12-26;;29;40;1,98111176820166;3,82531022308619;Sênior;7442,85;19,5737;0
2022-03-26;;26;33;1,8043840715537;2,1186940127075;Pleno;6817,16;8,8534;0
2023-12-16;;5;24;1,29958066338283;2,19751582059777;Pleno;7958,43;16,4972;0
2023-05-20;;12;19;2,45285591447023;2,60196791386135;Junior;4993,31;5,6224;0
2023-12-16;;5;33;4,2950126410521;2,6948051548227;Sênior;11396,15;9,3634;0
2022-01-25;;28;18;2,1017010548121;3,2091496012844;Junior;2888,35;16,5172;0
2021-12-26;;29;24;2,47396384427526;2,53352561129542;Pleno;6052,78;15,3738;0
2023-10-17;;7;33;4,0457467735429;4,42193504487285;Pleno;7796,51;4,7713;0
2023-04-20;;13;41;3,78378743526075;3,53175528478388;Sênior;9668,31;5,0543;0
2023-02-19;;15;18;2,64973419773946;4,65563628015889;Junior;4332,3;10,9695;0
2021-06-29;2024-05-14;35;44;1,65727726609828;2,46509975411296;Sênior;10362,94;18,7603;1
2021-12-26;;29;29;4,57509102339715;4,93867360850183;Pleno;4585,61;2,3986;0
2022-01-25;;28;19;3,30024684312521;3,84523782927902;Junior;3449,96;15,4412;0
2022-02-24;;27;33;2,02707126581138;4,07297299410698;Pleno;7298,01;14,7520;0
2022-08-23;;21;47;1,94716014649149;3,31232235489128;Sênior;10568,29;17,0155;0
2022-06-24;;23;31;2,79354269294891;4,51677023735755;Pleno;4139,52;17,7840;0
2021-08-28;;33;22;2,61258872722868;1,39168861938238;Junior;3277,43;17,6685;0
2021-10-27;;31;32;1,27552181804673;4,11929124116947;Pleno;4281,76;18,0183;0
2023-06-19;;11;29;4,77256975747105;3,60836704556875;Sênior;8118,44;19,6141;0
2022-08-23;2024-05-14;21;26;4,14781657520587;4,3639661091275;Pleno;7068,59;6,6486;1
2022-01-25;;28;29;2,98619251500745;4,51682933601682;Pleno;6865,86;18,5802;0
2022-02-24;;27;46;2,30761090226311;2,85951359950768;Sênior;9449,44;18,9512;0
2021-10-27;;31;47;1,72590528121668;4,84963196232862;Sênior;9834,35;12,9636;0
2022-02-24;;27;29;1,66515828003436;4,25589969005353;Pleno;5819,13;13,2918;0
2022-08-23;;21;27;1,96196158249208;4,47634910229209;Sênior;7598,18;7,1712;0
2023-11-16;2024-05-14;6;22;1,88211319893294;1,05150904764376;Junior;4799,52;14,9061;1
2022-07-24;2024-05-14;22;26;3,8388021500829;4,79005745881946;Pleno;7371,62;12,0512;1
2024-02-14;;3;37;4,07853505088618;2,01859446009845;Sênior;8705,11;15,7264;0
2023-04-20;;13;29;2,45392705899438;3,52094728629639;Pleno;7599,85;3,0703;0
2023-11-16;;6;18;1,63757482858215;2,82639652395858;Junior;3172,38;16,2919;0
2023-08-18;2024-05-14;9;22;3,5789373597118;3,44716612178672;Junior;3525,11;14,4676;1
2021-11-26;;30;48;2,33132394552993;3,32407432841475;Sênior;7784,59;10,9189;0
2023-08-18;;9;32;4,72899681197311;4,08515582459732;Pleno;4220,17;5,1943;0
2022-07-24;;22;24;4,15464384307117;3,20619402833311;Junior;2885,27;1,9535;0
2022-06-24;;23;21;4,95103355726019;3,23974910462984;Junior;3660,24;9,6967;0
2024-02-14;;3;24;4,54945224833461;3,36709644076968;Pleno;5627,68;2,8924;0
2023-12-16;2024-05-14;5;21;1,02126016122048;1,87365352732786;Junior;3812,36;15,2355;1
2023-02-19;;15;22;1,24134137484528;3,7339577586869;Junior;4828,57;18,4912;0
2022-11-21;;18;18;4,59276903140479;4,9322390145948;Junior;2957,44;16,4064;0
2022-03-26;;26;18;1,47572909075029;4,70447283851986;Junior;4142,51;6,6092;0
2023-02-19;;15;18;3,38233458676061;1,93985554451583;Junior;4951,32;2,9201;0
2023-09-17;;8;40;2,4192845256203;4,91056388092835;Sênior;7285,29;0,1583;0
2024-01-15;;4;18;1,13508626872588;4,32059271954721;Junior;2332,98;13,2732;0
2023-04-20;;13;18;1,33150469036655;4,8666066970755;Junior;4598,91;3,7522;0
2023-08-18;;9;23;4,06332991825138;4,89881208578694;Pleno;4008,9;14,3311;0
2023-08-18;2024-05-14;9;34;4,36960726376442;2,86292623300141;Pleno;5284,91;11,5087;1
2023-03-21;;14;43;2,45289584766196;3,50670179692173;Sênior;11623,86;9,4003;0
2022-05-25;;24;48;1,9870896130548;2,06515880877081;Sênior;7598,59;15,3508;0
2023-12-16;;5;18;2,97436241472972;1,83455807985677;Junior;2282,25;19,6213;0
2023-02-19;;15;33;1,6091324235878;2,79362726664683;Pleno;4662,78;2,5719;0
2021-09-27;2024-05-14;32;22;3,4677620407388;2,00248571586783;Junior;3495,05;11,0104;1
2023-05-20;;12;25;3,95803108763259;4,41043742728048;Pleno;6541,16;6,2645;0
2023-06-19;;11;27;3,81586228899152;1,23385551473638;Sênior;9529,45;0,5591;0
2023-09-17;;8;24;4,7283185538515;2,15661349519617;Junior;4058,81;0,5869;0
2024-01-15;2024-05-14;4;22;3,40685422014498;1,71060694920011;Junior;4041,07;11,5524;1
2022-11-21;;18;31;3,38078969551997;1,39431163970483;Sênior;7342,32;1,6583;0
2023-02-19;2024-05-14;15;34;3,94794094966496;3,03919435988368;Pleno;4693,86;0,8786;1
2023-02-19;;15;45;3,90313484431105;4,41919709186837;Sênior;10232,04;3,4576;0
2022-05-25;;24;19;2,1166869677721;2,74285061694409;Junior;3648,07;9,1973;0
2022-08-23;;21;31;4,18901570632057;2,06121135657136;Pleno;4097,73;10,0154;0
2022-01-25;2024-05-14;28;18;4,61775903174443;4,52862673586079;Junior;3037,48;18,3053;1
2023-01-20;;16;31;4,1176349281964;4,68450679911158;Sênior;11629,36;8,3934;0
2021-08-28;;33;32;4,39753184817658;3,02319453106717;Pleno;6477,59;2,1556;0
2021-10-27;;31;19;4,39488612731909;3,63250066636745;Junior;3684,41;4,6183;0
2022-05-25;;24;28;1,990471173809;1,24599458069148;Pleno;4329,41;18,9082;0
2023-08-18;;9;23;4,30820411229063;2,36562120643534;Pleno;7796,31;11,9030;0
2021-12-26;;29;24;3,87592440446797;2,55851913056853;Pleno;7087,99;7,1069;0
2021-08-28;;33;25;2,29346191335174;3,02189206176187;Pleno;4652,69;17,8542;0
2023-09-17;;8;43;3,69873127077373;4,39459356577323;Sênior;8681,91;6,0115;0
2022-11-21;;18;22;3,69276211489252;4,23826548979507;Junior;4549,99;17,6219;0
2021-07-29;;34;23;4,20942301659356;1,0391100705256;Junior;2081,24;2,4227;0
2021-06-29;;35;20;1,00024227440041;1,62148474734197;Junior;4509,88;18,7646;0
2022-10-22;;19;30;3,58883942843826;2,50864391860825;Sênior;11528,55;18,7537;0
2021-06-29;;35;23;3,69155665243322;3,04806973011938;Junior;2796,4;6,9054;0
2023-04-20;;13;30;3,30965281387319;3,42795668869276;Pleno;5113,32;0,3510;0
2023-02-19;;15;24;4,10951143561192;1,57759127654679;Junior;4736,42;7,0608;0
2021-09-27;;32;33;1,57411427495546;3,78516338695926;Pleno;7190,82;3,6162;0
2024-02-14;;3;30;2,20523569907331;4,56311682200646;Pleno;4560,31;5,3213;0
2021-09-27;;32;31;4,02347013181999;1,89487106565898;Pleno;5929,33;12,5137;0
2021-12-26;;29;35;2,37168317700222;3,15954200282036;Sênior;11449,13;8,8620;0
2022-04-25;;25;20;3,41459768594237;4,95905946030096;Junior;3208,06;14,7263;0
2022-07-24;;22;45;3,48557036080956;3,57651471883435;Sênior;8704,28;12,7407;0
2023-09-17;2024-05-14;8;27;2,19445465041069;1,37301597539388;Pleno;5739,84;6,0111;1
2022-07-24;2024-05-14;22;21;2,84363757219461;4,09342007045115;Junior;3771,42;6,4775;1
2023-09-17;;8;33;3,73919662282541;3,03149466561071;Sênior;8721,48;15,9629;0
2021-10-27;;31;46;4,09463617499502;1,44805881221763;Sênior;8177,43;10,6433;0
2023-02-19;;15;27;3,58887189033851;3,06061178842628;Pleno;5162,53;2,5476;0
2021-12-26;;29;33;2,54295626405417;4,02095857017865;Pleno;7563,18;11,7345;0
2022-07-24;;22;34;1,12629839230839;1,46856755259793;Pleno;6885,38;2,7596;0
2023-02-19;;15;23;4,6040316464771;2,42502386810605;Junior;4321,92;17,3742;0
2023-07-19;;10;31;1,03750071081541;1,32958538694948;Sênior;8062,05;2,5854;0
2022-10-22;;19;25;1,40955980501058;1,60598824052819;Pleno;7684,14;13,3882;0
2021-09-27;;32;45;4,13309673972288;1,20998875342189;Sênior;11930,97;17,9362;0
2024-02-14;;3;23;1,24356890230833;1,90457241100565;Pleno;4783,84;1,9625;0
2022-03-26;2024-05-14;26;39;4,54318535770115;2,81692924693857;Sênior;10916,3;10,6046;1
2022-11-21;;18;31;4,59244387666163;4,1656837449987;Pleno;5825,04;19,1618;0
2023-04-20;;13;49;1,22392575644531;3,74520362970011;Sênior;8359,95;5,5589;0
2023-11-16;2024-05-14;6;20;4,80382344076035;3,35015382975637;Junior;2354,41;5,6214;1
2023-11-16;2024-05-14;6;22;3,05784985370182;4,94637506032501;Junior;3018,81;9,4010;1
2022-10-22;;19;18;1,00276622154316;2,85477874723337;Junior;2236,65;18,9541;0
2023-05-20;2024-05-14;12;22;3,093458715636;4,66057921034676;Pleno;5880,42;16,0203;1
2022-06-24;;23;28;2,52238151247073;2,34656052032515;Pleno;7530,21;5,4237;0
2022-09-22;2024-05-14;20;30;4,94143936766892;2,70592482456041;Sênior;7733,42;4,6317;1
2023-05-20;2024-05-14;12;36;2,04235301787294;2,5890721691979;Sênior;10219,58;33,9723;1
2022-11-21;;18;18;2,78618695608993;3,38727805453065;Junior;4884,96;8,5945;0
2022-12-21;;17;25;1,37878892432514;4,7282269179876;Pleno;7571,92;16,1581;0
2023-10-17;2024-05-14;7;33;4,50659363169407;4,07111037448053;Pleno;6175,84;3,0460;1
2022-10-22;;19;25;1,15013740020444;4,33578240386624;Pleno;4652,57;12,3412;0
2023-07-19;;10;32;4,08496472551632;4,16842115899748;Pleno;4139,73;9,4458;0
2022-03-26;;26;19;2,11331522812124;4,80760151460273;Junior;2334,83;12,9264;0
2021-11-26;;30;26;1,55653313868162;1,45684984575303;Pleno;7354,79;8,0697;0
2023-07-19;2024-05-14;10;33;3,80576300634905;4,25758984497556;Pleno;5481,66;15,1964;1
2022-04-25;;25;22;3,49798990562123;3,68909129852117;Junior;3946,82;6,4202;0
2021-08-28;;33;18;1,14232720924011;1,13095155778258;Junior;4356,27;14,4433;0
2022-10-22;;19;33;2,55267633204723;2,59539010711509;Sênior;7201,55;19,1932;0
2021-11-26;;30;24;3,22271615522488;2,27380193037653;Junior;4602,39;11,5848;0
2023-03-21;;14;34;2,42575955577757;1,41277252632235;Sênior;7691,48;12,6912;0
2022-03-26;;26;20;3,52687410349001;2,23941003730076;Junior;3429,2;10,4960;0
2022-12-21;;17;23;2,85033095387556;1,4495643558258;Junior;3764,83;9,7190;0
2021-08-28;;33;26;3,58531674638674;1,01544010512497;Pleno;5045,55;3,3709;0
2021-12-26;;29;33;3,43814686391444;4,55039854970225;Pleno;6881,32;13,7510;0
2022-09-22;;20;20;1,80380224601813;1,62737205960606;Junior;3671,24;12,1234;0
2023-07-19;;10;33;2,35136346775615;2,95135410304099;Pleno;6910;11,0577;0
2023-10-17;;7;39;2,2130112817671;1,22163077349027;Sênior;7750,79;6,1285;0
2023-01-20;;16;22;4,92163918948414;4,24761199360959;Junior;3308,72;7,8898;0
2022-07-24;;22;27;1,97561520253906;4,02429476458792;Sênior;8686,5;8,6639;0
2023-06-19;;11;23;1,92122233998313;4,279028049674;Junior;4958,83;13,1497;0
2021-06-29;;35;19;1,22988253199803;3,85934042411091;Junior;4911,66;14,5179;0
2022-09-22;;20;24;4,79377241597456;4,40162067850929;Junior;2329,13;6,2591;0
2023-09-17;;8;23;2,90401263223987;2,18930043316928;Junior;3978,6;12,2947;0
2024-01-15;2024-05-14;4;24;4,95612853632766;2,09054182344738;Junior;4840,58;7,4075;1
2021-09-27;;32;33;3,99880577916849;1,16860400287564;Pleno;5124,38;9,7042;0
2023-09-17;2024-05-14;8;32;1,13698363658538;3,88592012836467;Sênior;11854,91;41,6384;1
2022-10-22;;19;20;4,18218154959497;2,22409122952563;Junior;3479,05;11,5736;0
2022-04-25;;25;34;4,63493376319354;1,90969555428729;Pleno;5004,79;17,9288;0
2021-08-28;2024-05-14;33;24;3,9429603425785;1,27301293277247;Junior;4561,45;19,0681;1
2022-07-24;;22;22;2,06372195232929;2,7192937046664;Junior;3181,38;6,6927;0
2023-10-17;;7;30;1,58174241362147;4,23443252051879;Sênior;8366,94;3,4025;0
2022-06-24;;23;19;1,77623235458713;2,27837036552513;Junior;4198,6;19,5328;0
2023-04-20;;13;46;4,97154675304518;4,1214799966361;Sênior;10137,76;15,9341;0
2023-11-16;2024-05-14;6;23;3,0000856093648;4,09555382386371;Junior;2313,07;5,8635;1
2022-04-25;2024-05-14;25;32;4,98616346582909;4,74606857764505;Pleno;4353,67;0,0898;1
2021-09-27;;32;19;3,63441628155965;2,02725214704075;Junior;3914,71;5,2841;0
2022-09-22;2024-05-14;20;23;4,72171353881332;3,34018354352146;Pleno;4709,75;19,0989;1
2021-08-28;2024-05-14;33;22;3,57367644784144;4,71776949416404;Pleno;5400,65;9,4853;1
2021-09-27;;32;26;1,98630821370187;1,93938253130762;Pleno;5799,1;5,8863;0
2021-08-28;;33;31;2,2600884031835;1,53932801275738;Pleno;7940,88;6,8479;0
2022-02-24;;27;23;4,61191542237988;2,52179870184686;Junior;4893,95;4,5839;0
2022-10-22;;19;21;4,68837553369232;4,64163820671299;Junior;3838,7;11,3061;0
2021-09-27;;32;32;3,55136119634295;3,99814728457123;Pleno;4739,81;4,3433;0
2024-01-15;;4;34;1,3915839940937;1,14991068867588;Pleno;5002,69;13,9178;0
